model_name,split,label_source,accuracy,precision,recall,f1,roc_auc,pr_auc,brier,positive_rate,n_rows
LogisticRegression,stress_test,simulated_abort_label,0.8076923076923077,1.0,0.8076923076923077,0.8936170212765957,,,,1.0,156
RandomForestClassifier,stress_test,simulated_abort_label,0.0,0.0,0.0,0.0,,,,1.0,156
LogisticRegression,test,abort_label,0.8076923076923077,0.0,0.0,0.0,0.6399999999999999,0.07248677248677249,0.1237673030368769,0.038461538461538464,78
RandomForestClassifier,test,abort_label,0.9615384615384616,0.0,0.0,0.0,0.5866666666666667,0.06837606837606838,0.04327645101155688,0.038461538461538464,78
RandomForestClassifier,val,abort_label,0.9615384615384616,0.0,0.0,0.0,0.7733333333333333,0.10252525252525252,0.04454076371584686,0.038461538461538464,78
LogisticRegression,val,abort_label,0.6794871794871795,0.041666666666666664,0.3333333333333333,0.07407407407407407,0.6022222222222222,0.05857753357753358,0.21099914052275112,0.038461538461538464,78
